{
  "test_accuracy": 0.6379549874965268,
  "classification_report": {
    "090_Tm_11.5_HS_3.5": {
      "precision": 0.7211538461538461,
      "recall": 0.1875,
      "f1-score": 0.2976190476190476,
      "support": 400.0
    },
    "090_Tm_7.5_HS_3.5": {
      "precision": 0.6229885057471264,
      "recall": 0.6775,
      "f1-score": 0.6491017964071857,
      "support": 400.0
    },
    "090_Tm_9.5_HS_3.5": {
      "precision": 0.403125,
      "recall": 0.645,
      "f1-score": 0.49615384615384617,
      "support": 400.0
    },
    "135_Tm_11.5_HS_3.5": {
      "precision": 0.7341772151898734,
      "recall": 0.58,
      "f1-score": 0.6480446927374302,
      "support": 400.0
    },
    "135_Tm_7.5_HS_3.5": {
      "precision": 0.6525735294117647,
      "recall": 0.8875,
      "f1-score": 0.7521186440677966,
      "support": 400.0
    },
    "135_Tm_9.5_HS_3.5": {
      "precision": 0.5668604651162791,
      "recall": 0.4875,
      "f1-score": 0.5241935483870968,
      "support": 400.0
    },
    "180_Tm_11.5_HS_3.5": {
      "precision": 0.7054263565891473,
      "recall": 0.6825,
      "f1-score": 0.6937738246505718,
      "support": 400.0
    },
    "180_Tm_7.5_HS_3.5": {
      "precision": 0.9108910891089109,
      "recall": 0.9223057644110275,
      "f1-score": 0.9165628891656289,
      "support": 399.0
    },
    "180_Tm_9.5_HS_3.5": {
      "precision": 0.6329411764705882,
      "recall": 0.6725,
      "f1-score": 0.6521212121212121,
      "support": 400.0
    },
    "accuracy": 0.6379549874965268,
    "macro avg": {
      "precision": 0.6611263537541707,
      "recall": 0.6380339738234475,
      "f1-score": 0.6255210557010906,
      "support": 3599.0
    },
    "weighted avg": {
      "precision": 0.6610569553836915,
      "recall": 0.6379549874965268,
      "f1-score": 0.625440188284179,
      "support": 3599.0
    }
  },
  "model_info": {
    "input_size": 6,
    "num_channels": 64,
    "num_classes": 9,
    "classes": [
      "090_Tm_11.5_HS_3.5",
      "090_Tm_7.5_HS_3.5",
      "090_Tm_9.5_HS_3.5",
      "135_Tm_11.5_HS_3.5",
      "135_Tm_7.5_HS_3.5",
      "135_Tm_9.5_HS_3.5",
      "180_Tm_11.5_HS_3.5",
      "180_Tm_7.5_HS_3.5",
      "180_Tm_9.5_HS_3.5"
    ]
  },
  "training_history": {
    "train_losses": [
      1.2732316922810343,
      1.0273468857010206,
      0.985270412100686,
      0.962344015803602,
      0.932978095445368,
      0.9242405800355805,
      0.9099242415693071,
      0.9012990032633146,
      0.885964286327362,
      0.8831776574254036
    ],
    "val_losses": [
      0.9246393826272753,
      0.8962955739763048,
      0.8662686937385136,
      0.87457235455513,
      0.8315395653247833,
      0.8193761646747589,
      0.8066959122816721,
      0.7956144326263004,
      0.8139409406317605,
      0.7942036204867893
    ],
    "train_accuracies": [
      0.45574567879788064,
      0.5461652045513767,
      0.5600625380005212,
      0.567966646399722,
      0.584990879874924,
      0.5869886215582385,
      0.5915052549292105,
      0.596369321636411,
      0.5999305133327543,
      0.6019282550160688
    ],
    "val_accuracies": [
      0.5838832928100035,
      0.5908301493574157,
      0.6078499478985759,
      0.609586662035429,
      0.6297325460229246,
      0.6418895449808961,
      0.6394581451893019,
      0.6356373740882251,
      0.6359847169155957,
      0.6356373740882251
    ]
  }
}