{
  "test_accuracy": 0.6607390941928314,
  "classification_report": {
    "090_Tm_11.5_HS_3.5": {
      "precision": 0.6420118343195266,
      "recall": 0.5425,
      "f1-score": 0.5880758807588076,
      "support": 400.0
    },
    "090_Tm_7.5_HS_3.5": {
      "precision": 0.7163323782234957,
      "recall": 0.625,
      "f1-score": 0.6675567423230975,
      "support": 400.0
    },
    "090_Tm_9.5_HS_3.5": {
      "precision": 0.44642857142857145,
      "recall": 0.5625,
      "f1-score": 0.497787610619469,
      "support": 400.0
    },
    "135_Tm_11.5_HS_3.5": {
      "precision": 0.8146341463414634,
      "recall": 0.4175,
      "f1-score": 0.5520661157024793,
      "support": 400.0
    },
    "135_Tm_7.5_HS_3.5": {
      "precision": 0.632183908045977,
      "recall": 0.9625,
      "f1-score": 0.7631318136769079,
      "support": 400.0
    },
    "135_Tm_9.5_HS_3.5": {
      "precision": 0.5474452554744526,
      "recall": 0.5625,
      "f1-score": 0.5548705302096177,
      "support": 400.0
    },
    "180_Tm_11.5_HS_3.5": {
      "precision": 0.6935866983372921,
      "recall": 0.73,
      "f1-score": 0.7113276492082826,
      "support": 400.0
    },
    "180_Tm_7.5_HS_3.5": {
      "precision": 0.8711111111111111,
      "recall": 0.9824561403508771,
      "f1-score": 0.9234393404004712,
      "support": 399.0
    },
    "180_Tm_9.5_HS_3.5": {
      "precision": 0.7211538461538461,
      "recall": 0.5625,
      "f1-score": 0.6320224719101124,
      "support": 400.0
    },
    "accuracy": 0.6607390941928314,
    "macro avg": {
      "precision": 0.6760986388261929,
      "recall": 0.6608284600389863,
      "f1-score": 0.6544753505343606,
      "support": 3599.0
    },
    "weighted avg": {
      "precision": 0.676044453643563,
      "recall": 0.6607390941928314,
      "f1-score": 0.6544006175557926,
      "support": 3599.0
    }
  },
  "model_info": {
    "input_size": 6,
    "hidden_size": 64,
    "num_classes": 9,
    "classes": [
      "090_Tm_11.5_HS_3.5",
      "090_Tm_7.5_HS_3.5",
      "090_Tm_9.5_HS_3.5",
      "135_Tm_11.5_HS_3.5",
      "135_Tm_7.5_HS_3.5",
      "135_Tm_9.5_HS_3.5",
      "180_Tm_11.5_HS_3.5",
      "180_Tm_7.5_HS_3.5",
      "180_Tm_9.5_HS_3.5"
    ]
  }
}